n_per_batch,batch,total_elements,mode,avg_ms,p50_ms,p95_ms,max_ms,effective_GBps
4096,1,4096,library_cub_device_reduce,0.002467,0.002480,0.002720,0.003712,6.642
4096,1,4096,custom_cuda_atomic,0.008315,0.008544,0.008898,0.008928,1.971
4096,1,4096,optimized_todo,0.002543,0.002400,0.003456,0.003776,6.443
4096,1,4096,optimized_tile2,0.003065,0.002432,0.004448,0.004480,5.346
4096,1,4096,optimized_tile4,0.004383,0.004480,0.004582,0.004832,3.738
4096,1,4096,optimized_tile8,0.004568,0.004512,0.004834,0.005472,3.587
4096,1,4096,optimized_2stage,0.007585,0.007792,0.007872,0.008000,2.160
4096,1,4096,optimized_2stage_tile,0.008190,0.008240,0.009568,0.009920,2.000
4096,2,8192,library_cub_device_reduce,0.005363,0.005344,0.005442,0.009760,6.110
4096,2,8192,custom_cuda_atomic,0.015996,0.015904,0.016960,0.017024,2.049
4096,2,8192,optimized_todo,0.007367,0.007648,0.007776,0.009760,4.448
4096,2,8192,optimized_tile2,0.007825,0.007680,0.008770,0.023296,4.188
4096,2,8192,optimized_tile4,0.007887,0.007712,0.008800,0.008864,4.154
4096,2,8192,optimized_tile8,0.008167,0.007760,0.009290,0.010528,4.012
4096,2,8192,optimized_2stage,0.014184,0.013888,0.016450,0.020032,2.310
4096,2,8192,optimized_2stage_tile,0.015925,0.015936,0.016000,0.016928,2.058
4096,3,12288,library_cub_device_reduce,0.007151,0.007232,0.007747,0.013856,6.873
4096,3,12288,custom_cuda_atomic,0.022077,0.022048,0.023104,0.023168,2.226
4096,3,12288,optimized_todo,0.009594,0.009760,0.010818,0.012416,5.123
4096,3,12288,optimized_tile2,0.009897,0.009760,0.010848,0.012320,4.966
4096,3,12288,optimized_tile4,0.010325,0.010784,0.010946,0.012064,4.760
4096,3,12288,optimized_tile8,0.012517,0.012864,0.013410,0.013728,3.927
4096,3,12288,optimized_2stage,0.020479,0.020032,0.022082,0.029280,2.400
4096,3,12288,optimized_2stage_tile,0.024184,0.024128,0.024694,0.026176,2.032
4096,4,16384,library_cub_device_reduce,0.008824,0.008800,0.008896,0.011904,7.427
4096,4,16384,custom_cuda_atomic,0.028384,0.028960,0.029283,0.029376,2.309
4096,4,16384,optimized_todo,0.009373,0.008640,0.011555,0.012896,6.992
4096,4,16384,optimized_tile2,0.010841,0.010880,0.012640,0.012992,6.045
4096,4,16384,optimized_tile4,0.012619,0.012704,0.013026,0.013056,5.193
4096,4,16384,optimized_tile8,0.016746,0.016736,0.017728,0.018048,3.914
4096,4,16384,optimized_2stage,0.026114,0.025840,0.028032,0.032384,2.510
4096,4,16384,optimized_2stage_tile,0.032733,0.033024,0.033184,0.033536,2.002
4096,7,28672,library_cub_device_reduce,0.015174,0.015456,0.015682,0.017152,7.558
4096,7,28672,custom_cuda_atomic,0.047204,0.046656,0.049760,0.049824,2.430
4096,7,28672,optimized_todo,0.017339,0.017392,0.018978,0.022048,6.614
4096,7,28672,optimized_tile2,0.018271,0.017984,0.019570,0.021120,6.277
4096,7,28672,optimized_tile4,0.019491,0.019792,0.022130,0.023232,5.884
4096,7,28672,optimized_tile8,0.028786,0.028992,0.029352,0.030336,3.984
4096,7,28672,optimized_2stage,0.045943,0.046592,0.048672,0.050720,2.496
4096,7,28672,optimized_2stage_tile,0.057017,0.056896,0.057856,0.058944,2.011
4096,8,32768,library_cub_device_reduce,0.017023,0.016992,0.017632,0.018048,7.700
4096,8,32768,custom_cuda_atomic,0.053503,0.053536,0.055968,0.056064,2.450
4096,8,32768,optimized_todo,0.018281,0.018752,0.020099,0.021216,7.170
4096,8,32768,optimized_tile2,0.019284,0.018816,0.021795,0.022912,6.797
4096,8,32768,optimized_tile4,0.022189,0.022736,0.024928,0.025280,5.907
4096,8,32768,optimized_tile8,0.033036,0.033056,0.033474,0.034016,3.968
4096,8,32768,optimized_2stage,0.052336,0.052416,0.054594,0.056576,2.504
4096,8,32768,optimized_2stage_tile,0.065221,0.064832,0.066498,0.066784,2.010
4096,16,65536,library_cub_device_reduce,0.033379,0.033344,0.034272,0.034976,7.854
4096,16,65536,custom_cuda_atomic,0.109068,0.108848,0.111040,0.113024,2.404
4096,16,65536,optimized_todo,0.033555,0.033104,0.035566,0.037248,7.812
4096,16,65536,optimized_tile2,0.036641,0.037120,0.041187,0.041632,7.154
4096,16,65536,optimized_tile4,0.040897,0.041312,0.043424,0.045312,6.410
4096,16,65536,optimized_tile8,0.065870,0.065824,0.066341,0.066880,3.980
4096,16,65536,optimized_2stage,0.102712,0.102672,0.106205,0.108160,2.552
4096,16,65536,optimized_2stage_tile,0.130993,0.131248,0.132170,0.132416,2.001
4096,32,131072,library_cub_device_reduce,0.066149,0.066144,0.066240,0.067264,7.926
4096,32,131072,custom_cuda_atomic,0.240063,0.239904,0.242050,0.244064,2.184
4096,32,131072,optimized_todo,0.066523,0.065888,0.069984,0.072416,7.881
4096,32,131072,optimized_tile2,0.079896,0.080208,0.091154,0.098656,6.562
4096,32,131072,optimized_tile4,0.097461,0.098624,0.107006,0.113024,5.379
4096,32,131072,optimized_tile8,0.131393,0.131392,0.131784,0.132384,3.990
4096,32,131072,optimized_2stage,0.207244,0.207216,0.214328,0.220864,2.530
4096,32,131072,optimized_2stage_tile,0.262018,0.261840,0.263394,0.263488,2.001
1048576,1,1048576,library_cub_device_reduce,0.005811,0.005728,0.006534,0.007840,721.762
1048576,1,1048576,custom_cuda_atomic,1.255557,1.255776,1.256131,1.256736,3.341
1048576,1,1048576,optimized_todo,0.010657,0.010592,0.011491,0.011648,393.586
1048576,1,1048576,optimized_tile2,0.008517,0.008544,0.008866,0.008960,492.437
1048576,1,1048576,optimized_tile4,0.006588,0.006496,0.007277,0.007840,636.674
1048576,1,1048576,optimized_tile8,0.006515,0.006496,0.006880,0.006880,643.772
1048576,1,1048576,optimized_2stage,0.016239,0.016032,0.018082,0.018176,258.290
1048576,1,1048576,optimized_2stage_tile,0.011793,0.011856,0.012546,0.012992,355.652
1048576,2,2097152,library_cub_device_reduce,0.011985,0.011888,0.012898,0.013856,699.928
1048576,2,2097152,custom_cuda_atomic,2.510493,2.510448,2.512192,2.512576,3.341
1048576,2,2097152,optimized_todo,0.020960,0.020880,0.021216,0.021632,400.214
1048576,2,2097152,optimized_tile2,0.016689,0.016736,0.017122,0.017664,502.654
1048576,2,2097152,optimized_tile4,0.012828,0.012704,0.013286,0.013984,653.905
1048576,2,2097152,optimized_tile8,0.012605,0.012672,0.012992,0.013024,665.509
1048576,2,2097152,optimized_2stage,0.033432,0.033920,0.034144,0.034496,250.918
1048576,2,2097152,optimized_2stage_tile,0.024081,0.023856,0.024928,0.025120,348.355
1048576,3,3145728,library_cub_device_reduce,0.017501,0.017616,0.019104,0.019456,718.964
1048576,3,3145728,custom_cuda_atomic,3.765838,3.765856,3.767490,3.767648,3.341
1048576,3,3145728,optimized_todo,0.031291,0.031360,0.032002,0.032384,402.131
1048576,3,3145728,optimized_tile2,0.024945,0.024960,0.025312,0.025344,504.433
1048576,3,3145728,optimized_tile4,0.018888,0.018784,0.019216,0.020864,666.174
1048576,3,3145728,optimized_tile8,0.018367,0.018688,0.019106,0.019648,685.081
1048576,3,3145728,optimized_2stage,0.049687,0.049552,0.050496,0.050592,253.245
1048576,3,3145728,optimized_2stage_tile,0.036389,0.036160,0.037216,0.037280,345.785
1048576,4,4194304,library_cub_device_reduce,0.024125,0.024208,0.025606,0.026336,695.434
1048576,4,4194304,custom_cuda_atomic,5.020045,5.019904,5.021857,5.022016,3.342
1048576,4,4194304,optimized_todo,0.041476,0.041344,0.042182,0.042656,404.503
1048576,4,4194304,optimized_tile2,0.033195,0.033184,0.033536,0.033792,505.411
1048576,4,4194304,optimized_tile4,0.025057,0.024992,0.025344,0.026048,669.563
1048576,4,4194304,optimized_tile8,0.024351,0.024848,0.025056,0.025344,688.982
1048576,4,4194304,optimized_2stage,0.065895,0.065824,0.066912,0.066944,254.605
1048576,4,4194304,optimized_2stage_tile,0.048917,0.048800,0.049536,0.049568,342.970
1048576,7,7340032,library_cub_device_reduce,0.042471,0.042592,0.043584,0.043648,691.303
1048576,7,7340032,custom_cuda_atomic,8.784367,8.784160,8.786177,8.786432,3.342
1048576,7,7340032,optimized_todo,0.072161,0.072032,0.072997,0.074368,406.870
1048576,7,7340032,optimized_tile2,0.057682,0.057696,0.058016,0.058176,509.001
1048576,7,7340032,optimized_tile4,0.043407,0.043360,0.043744,0.044384,676.391
1048576,7,7340032,optimized_tile8,0.042973,0.043328,0.043456,0.044384,683.216
1048576,7,7340032,optimized_2stage,0.115101,0.114976,0.116032,0.116416,255.082
1048576,7,7340032,optimized_2stage_tile,0.085648,0.085344,0.086400,0.087104,342.800
1048576,8,8388608,library_cub_device_reduce,0.048920,0.049344,0.049824,0.050688,685.904
1048576,8,8388608,custom_cuda_atomic,10.039885,10.039600,10.041569,10.042240,3.342
1048576,8,8388608,optimized_todo,0.082274,0.082272,0.082592,0.083328,407.838
1048576,8,8388608,optimized_tile2,0.065863,0.065856,0.066240,0.066976,509.460
1048576,8,8388608,optimized_tile4,0.049550,0.049520,0.049888,0.050528,677.187
1048576,8,8388608,optimized_tile8,0.049188,0.049472,0.049600,0.049888,682.160
1048576,8,8388608,optimized_2stage,0.131642,0.132128,0.132418,0.132768,254.892
1048576,8,8388608,optimized_2stage_tile,0.097736,0.097600,0.098656,0.098688,343.318
1048576,16,16777216,library_cub_device_reduce,0.166138,0.166176,0.168288,0.174368,403.935
1048576,16,16777216,custom_cuda_atomic,20.078500,20.077791,20.079984,20.082464,3.342
1048576,16,16777216,optimized_todo,0.197174,0.196864,0.198944,0.201728,340.353
1048576,16,16777216,optimized_tile2,0.164659,0.164032,0.166880,0.168928,407.564
1048576,16,16777216,optimized_tile4,0.164592,0.164128,0.166144,0.166976,407.728
1048576,16,16777216,optimized_tile8,0.164265,0.164096,0.165024,0.165056,408.540
1048576,16,16777216,optimized_2stage,0.296050,0.296128,0.296298,0.298272,226.681
1048576,16,16777216,optimized_2stage_tile,0.262593,0.263008,0.263520,0.263840,255.562
1048576,32,33554432,library_cub_device_reduce,0.332638,0.332064,0.337176,0.340224,403.494
1048576,32,33554432,custom_cuda_atomic,40.160913,40.158239,40.170814,40.281822,3.342
1048576,32,33554432,optimized_todo,0.393777,0.393440,0.395365,0.397120,340.847
1048576,32,33554432,optimized_tile2,0.329803,0.329856,0.332995,0.336064,406.963
1048576,32,33554432,optimized_tile4,0.328494,0.327936,0.330570,0.330944,408.585
1048576,32,33554432,optimized_tile8,0.328035,0.327872,0.328770,0.330912,409.157
1048576,32,33554432,optimized_2stage,0.591030,0.591008,0.591186,0.593024,227.091
1048576,32,33554432,optimized_2stage_tile,0.524853,0.525376,0.525536,0.527616,255.724
